user_id,pilot
c36b2e,0
20336e,0
034652,0
e98e3b,0
3f1105,0
9936fb,0
f5224d,0
e5c6e6,0
aafe5b,0
1a0e73,0
2da286,0
9e059a,0
748c26,0
5477d2,0
70634f,0
059836,0
d5b20e,0
745b82,0
88e15a,0
2ebcc6,0
26ec90,0
d4a2d1,0
dff1a7,0
15c29d,0
2303bc,0
80c9d0,0
de3b98,0
dd50e3,0
977814,0
ee20b2,0
36ebf6,0
8b50c7,0
47d3c7,0
3ecf8f,0
8b9b67,0
a71c05,0
55c708,0
ce521b,0
c773ae,0
505628,0
7d9c4f,0
45c274,0
b7cafb,0
7649d3,0
19affa,0
92f556,0
9d7b77,0
24a4ec,0
1a3407,0
c43323,0
064b56,0
7d0d6b,0
451084,0
84e4ec,0
811a85,0
c30c05,0
8312fc,0
91c7fb,0
b530a6,0
79126e,0
31c9e1,0
3402df,0
170508,0
d11f48,0
bca858,0
5e9d4f,0
aca555,0
8f6f72,0
363a31,0
e41214,0
cdefdc,0
7c56c5,0
6a9845,0
012bee,0
2dc09c,0
5249ae,0
bd3d0d,0
5ac2ae,0
20763c,0
c2a286,0
40c9fe,0
97932f,0
6972af,0
c4b7fa,0
db6283,0
28e5fc,0
ba1d2a,0
9039ae,0
498282,0
170cc3,0
fdb4d2,0
0f33cf,0
f82632,0
02ff4e,0
870dd4,0
611704,0
68149a,0
b00022,0
658981,0
6b8461,0
1c33e8,0
38470b,0
199e22,0
6c992a,0
a1a401,0
dbfbfc,0
fdae16,0
3efc23,0
548a20,0
f1a635,0
85ef6f,0
2e622d,0
41629a,0
47e5bd,0
dedb2a,0
f68751,0
6304af,0
ee26fc,0
7652f1,0
ed6050,0
5c8e61,0
ad1a21,0
b17705,0
b662c6,0
bef0fc,0
57e75a,0
1dc3c2,0
08254f,0
e6199e,0
f8bc72,0
a28235,0
d7d733,0
7d66cb,0
45e7fc,0
d3f998,0
2a73d0,0
a00939,0
f6d021,0
09a458,0
3191ac,0
c5be82,0
81ab61,0
adeb56,0
fa67a5,0
c69261,0
c7c2bf,0
f098c3,0
b27b17,0
45ac8c,0
ea1366,0
bbd95f,0
a6ec1e,0
d1fef5,0
abf3a0,0
2876c4,0
bb64f1,0
5092da,0
b34382,0
446c3f,0
a78697,0
fb664e,0
624a97,0
46786d,0
f22972,0
2802aa,0
42f20e,0
33d198,0
c1e333,0
741f4b,0
63ce5c,0
3bbb04,0
cfda3d,0
66fa2b,0
d11b6c,0
53ebfd,0
cc446e,0
ffc34b,0
872bb1,0
594772,0
a838bf,0
7b326f,0
ebc207,0
c5aa14,0
167a4a,0
9bf5e1,0
f81b1f,0
f53658,0
5be821,0
b23ff0,0
8dc5d4,0
6d4168,0
f27036,0
1c3c7f,0
aef296,0
45ebf6,0
e3d135,0
7c7226,0
7f06c5,0
ab4f82,0
72277d,0
5bdb8e,0
7b5bf2,0
b3d6ab,0
69ec86,0
756dee,0
8fde4d,0
aae01d,0
cd0cae,0
1a542f,0
c88f42,0
924f56,0
1c2eb6,0
967f59,0
cf7b34,0
0c692a,0
77d606,0
67c234,0
1a48cc,0
401b7e,0
3bdb7a,0
4b0383,0
401d6a,0
842b8c,0
dd5ffd,0
9e1382,0
21ffe7,0
5958d4,0
2b3c6b,0
a77775,0
3c4300,0
4b15ed,0
a0cd19,0
9c62b7,0
a83a18,0
49c51e,0
35fcfe,0
c235dd,0
3c5f74,0
561f7e,0
8eb8a5,0
32ea38,0
ed259a,0
19471d,0
0a0676,0
9febab,0
e88b36,0
e2c571,0
7dab82,0
d7df76,0
0257cb,0
9f8163,0
ec52e6,0
5a026f,0
b9a19a,0
2cd64f,0
3f18ea,0
7c270e,0
c1e89c,0
18a076,0
81585c,0
a9dd40,0
1300c1,0
ed17e8,0
1be17a,0
e10d37,0
98bdd8,0
ce17bb,0
b2d7bc,0
93ef38,0
b51737,0
485441,0
9aa16c,0
e6267f,0
8d2a64,0
2734b1,0
5d3e3e,0
3f4fa3,0
79eeaa,0
41a3df,0
d40671,0
958702,0
c14898,0
a3f6cb,0
bd04f1,0
8ba35c,0
d952bb,0
1ce275,0
0391b5,0
b6f518,0
fa4be8,0
22831d,0
146a7b,0
c3e540,0
cb63b4,0
6279a4,0
2510e3,0
5174b7,0
e954e3,0
381c2b,0
0c7238,0
cea666,0
561cfd,0
deacff,0
08b3df,0
05fa8b,0
1e8239,0
750e1a,0
678c2f,0
cf5e8a,0
434c61,0
e5e2b8,0
c0b96e,0
ba1ad4,0
64f490,0
0901a9,0
8b657f,0
1cef0a,0
155b12,0
a49424,0
6ad86e,0
825bdb,0
68c069,0
a50803,0
cb6375,0
37782e,0
5d1c64,0
61b77c,0
00d71f,0
9ab899,0
54fa0d,0
56cb46,0
f77d33,0
e3550e,0
671a31,0
c6f8ab,0
02586c,0
4b6734,0
62105b,0
2cb410,0
0afe69,0
14cede,0
5df813,0
6d8504,0
b1c638,0
e638bb,0
7d245c,0
699aad,0
07491c,0
4ccf26,0
a778af,0
fc356f,0
80216f,0
bfeef2,0
33e59b,0
a355a6,0
424eb2,0
5ff847,0
90bea4,0
ed3331,0
220723,0
d048be,0
a71618,0
cb9200,0
a2576e,0
9bd6b7,0
f2054d,0
577883,0
8b2456,0
a62ddf,0
00577f,0
519d87,0
d2066c,0
e0f017,0
42f694,0
ac981e,0
d01ed1,0
f8fe8e,0
7ed40c,0
84986f,0
d89def,0
4b74e2,0
811c2c,0
ac94c2,0
2ff73c,0
db7469,0
91a905,0
f6db75,0
ca137b,0
b1b5c0,0
dbad89,0
9357a5,0
9429e3,0
9dd9fe,0
a3078b,0
f87927,0
2152be,0
433048,0
dba18a,0
74b575,0
c9b627,0
9c6991,0
460e43,0
0c572f,0
ce1b3c,0
54509d,0
129060,0
49f6b9,0
3261c5,0
5744f1,0
29a31e,0
e5db94,0
576b1f,0
b71cb3,0
6fde5b,0
7bb283,0
fb2659,0
092886,0
273084,0
19ee77,0
732b80,0
d78914,0
397b23,0
fe8281,0
b9d6aa,0
6170dd,0
90fe88,0
827c58,0
1833a9,0
ebf6dc,0
791e39,0
5c946b,0
dba37a,0
5b2f6d,0
dd1bab,0
e4e6b4,0
c276aa,0
061b34,0
471f89,0
5c9419,0
c109bb,0
eb5baa,0
6c69fb,0
9471a5,0
d9d837,0
7d95a2,0
ce773d,0
60aea0,0
71e1d6,0
845a33,0
a9a6e8,0
1545f1,0
bb9b36,0
6108fc,0
446965,0
952638,0
0f1c7c,0
834dd3,0
cc1037,0
26aeb1,0
1e113e,0
610493,0
a16de4,0
def74f,0
10970e,0
063c97,0
7dfdf5,0
956dc2,0
424d6e,0
67ef42,0
7d3205,0
ebf765,0
1447c8,0
fbfdda,0
b0ab93,0
c0de4e,0
7dabb4,0
46d6e3,0
66ec90,0
24ad08,0
dfde03,0
cbb4c1,0
21de75,0
82aa39,0
3bc3d4,0
042aff,0
88243c,0
6b65c7,0
b78b58,0
8e954e,0
765bbf,0
04034a,0
b07412,0
a216a2,0
4a7fbf,0
d74a88,0
1d22eb,0
6bf148,0
f64824,0
0a8a6f,0
4ce547,0
1b7bfa,0
ce3bc2,0
19971c,0
f2b803,0
de821f,0
4e4134,0
620277,0
fee5d0,0
a775a0,0
d7a71a,0
f97043,0
4334e3,0
13fb5d,0
d4cc56,0
70ab29,0
eedf22,0
ca9d0d,0
75e7cb,0
3182f7,0
c0784c,0
737ac5,0
27dc62,0
f7b4a8,0
f04c04,0
cc8fea,0
6bdd80,0
1d0368,0
179c3f,0
306b12,0
53bf9f,0
ececa5,0
4d3d16,0
03c1cb,0
25908f,0
0239fe,0
081e25,0
d2d1ad,0
05d2cb,0
4120ac,0
484f9f,0
d7aff4,0
3f83cf,0
d7784e,0
27622d,0
235cee,0
374e54,0
b8b19b,0
c95e2c,0
be52f6,0
25d911,0
e91abf,0
5a3486,0
97ab48,0
46ff67,0
68c77f,0
77a1f8,0
184c11,0
c3fead,0
532e70,0
9445be,0
4f31f1,0
c5bdf1,0
a9ef4c,0
b6844a,0
9b07a0,0
2f2e98,0
2da7f2,0
11d764,0
765db1,0
65cf30,0
45568b,0
2e8476,0
76b9d7,0
b8e936,0
385847,0
535029,0
2facc7,0
84ba26,0
291380,0
634e12,0
67712b,0
d30995,0
b2c804,0
a6f144,0
98da84,0
2dc52c,0
8c559e,0
5a764a,0
695395,0
37dd94,0
586a1a,0
0ff924,0
6b3b57,0
4a35dd,0
18803b,0
aa4b63,0
e28cf8,0
eb3d1c,0
88558d,0
ca93ab,0
a40d65,0
617d78,0
36c632,0
f8f309,0
3bf1b3,0
5e5573,0
a7b807,0
4390ed,0
d83140,0
915184,0
3a492c,0
dc9955,0
33cb72,0
9db68f,0
e02d16,0
bceb98,0
3b4165,0
9dc8b6,0
942c94,0
424809,0
6776f6,0
e41ac9,0
4df973,0
f3325b,0
9b838b,0
4d8a82,0
d6f6b8,0
8c7a45,0
238075,0
9953dd,0
891a56,0
9ee20b,0
2f4a82,0
de3194,0
3300d9,0
3b9eed,0
2d52c5,0
3c17a3,0
2b7146,0
1d9c8b,0
ec2f41,0
45149d,0
c6145e,0
89e21a,0
c7902a,0
cc3a99,0
72292b,0
e83ba4,0
ed103e,0
a3e7e5,0
e8fbde,0
a54afd,0
e011a0,0
55d19b,0
a42125,0
0d877b,0
5123fa,0
63b50e,0
e0b603,0
724985,0
e298d2,0
30af4d,0
7d18f5,0
dbaec9,0
732c10,0
188d1a,0
46bd46,0
a2716a,0
28c97f,0
571104,0
af186c,0
737171,0
f2ee11,0
cabf4e,0
8bae75,0
60aa2d,0
0e6a71,0
6829dd,0
76ba23,0
4243b0,0
610df4,0
7c9257,0
d56bd5,0
f93efd,0
d20747,0
1ac559,0
93d77e,0
c63187,0
b3218d,0
682c69,0
2e4dae,0
e3534e,0
90f4a0,0
965376,0
a9b7e8,0
78bbf8,0
b7926e,0
0e6a46,0
f3bd42,0
9fb621,0
a7fadc,0
4c9fb0,0
08579c,0
87a5d1,0
a4e4f8,0
21e345,0
749a27,0
ef4128,0
cb95f0,0
791e65,0
bcb3b2,0
f88b4c,0
c1a3d2,0
c89904,0
4cc04e,0
f075d3,0
37d8f2,0
93dfaa,0
a139d3,0
711352,0
953abf,0
256a1d,0
9db55f,0
46d417,0
ae1de1,0
c67b51,0
dbabb8,0
4b2c04,0
d62fc5,0
395c50,0
2b28ff,0
7d1706,0
7d9f9f,0
75bdb7,0
2b8d62,0
a32365,0
9a400a,0
270b89,0
173bef,0
1d5d65,0
d24032,0
2b5d44,0
c965a5,0
4c6f99,0
c1bb0e,0
ba1f21,0
4cb5dd,0
913f18,0
3ed012,0
3a4b09,0
a20335,0
62b960,0
ac795a,0
d8aed4,0
65c771,0
b42689,0
f22739,0
a7942b,0
add98b,0
434702,0
95696a,0
92b84b,0
a1f705,0
5c74b9,0
f6c30e,0
b5f8f7,0
217838,0
d0dd4c,0
2e0a30,0
994fc4,0
0b1f4e,0
9de63b,0
76b674,0
990868,0
bd954e,0
259aa6,0
6457d8,0
884335,0
cc001d,0
eee30f,0
909606,0
585ef9,0
92d554,0
4dc110,0
fced7e,0
6afc43,0
0c261f,0
1826fc,0
ef71e9,0
355065,0
8e1d6e,0
45b1fa,0
a4e281,0
c67c64,0
45eb95,0
cbc1d2,0
76a842,0
f9f8a7,0
6bbce5,0
e75e9b,0
94adb2,0
034cd8,0
c16a8b,0
c9eeb2,0
ef2056,0
a1a043,0
046247,0
b64ee0,0
c73af4,0
7ccc7e,0
9c5e55,0
116811,0
5eda01,0
c59961,0
bda7fe,0
2d3e9f,0
e57e4c,0
e56ace,0
a78816,0
2c96fa,0
dd0faa,0
daa4b0,0
98a2cd,0
93c101,0
24b00b,0
a0b539,0
5f2df8,0
2720bb,0
301969,0
a6e194,0
646c30,0
320143,0
dfad50,0
b0ee7a,0
43fc28,0
b7434f,0
f9bab0,0
961af3,0
3d8765,0
749b01,0
84049a,0
d2b60c,0
0bb663,0
cdc231,0
194849,0
b071ca,0
6dc081,0
0eb7a3,0
13065e,0
6bdf2b,0
f7823a,0
a60c1d,0
32bfb5,0
e0bce1,0
bb4bcd,0
edb46d,0
92b9b5,0
ce3fdf,0
4ebbf1,0
983c7f,0
db58b7,0
ccccb6,0
bc153c,0
b0d874,0
8b2787,0
f3af1f,0
ae2237,0
14aa59,0
3177c6,0
a70f29,0
cadeeb,0
182a80,0
12d93f,0
501980,0
23ac98,0
669a38,0
fef637,0
7c7fb8,0
6bc9f7,0
5fd1f9,0
faeb76,0
6c725f,0
d7ec40,0
7b10c3,0
cfc195,0
c9fe23,0
e7715a,0
a43016,0
bf96b3,0
65264c,0
73cf75,0
98c685,0
2f857d,0
ed63a2,0
2f196e,0
599870,0
850120,0
f92ab3,0
20d0eb,0
47b01e,0
e720b5,0
eafc85,0
ca8d7e,0
d697a2,0
8b098e,0
335ff5,0
c870fc,0
98dcff,0
c7f016,0
d593f4,0
4c18f7,0
bca42a,0
631ecb,0
bbdf54,0
d8e449,0
de15eb,0
f10b13,0
6cf9f4,0
33720a,0
4b9059,0
6d0d3e,0
b8856c,0
e36ddd,0
8800ea,0
ff4c83,0
b8ccd8,0
15b924,0
28c107,0
6e84d5,0
24d3ad,0
3755bc,0
cf7860,0
fd4971,0
3c0b24,0
b80ef3,0
bc5154,0
afcfbf,0
6b2255,0
bdd202,0
1fa524,0
47fc82,0
67c8f5,0
539587,0
2e3df1,0
d5be6c,0
6fc0b5,0
83e090,0
449ae7,0
4a40bc,0
a7caa3,0
1721f7,0
33b93b,0
bf9540,0
f997b9,0
fcea61,0
2de5fa,0
00e37a,0
83fc7f,0
02be4f,0
7fcbf8,0
c9bc7f,0
e57796,0
0c26ef,0
d62ef8,0
32e745,0
f96757,0
a0073d,0
d9af90,0
71d231,0
901e67,0
b2e972,0
826d8e,0
1d5fe1,0
8d4c8f,0
9a2248,0
d01dbc,0
8c95f5,0
82f799,0
12de21,0
8793b2,0
d6b6fd,0
ba46ca,0
bc0e37,0
fa7a1f,0
e643a3,0
2fe95a,0
79e65b,0
e9cfc8,0
e5b44b,0
51dd85,0
c4980a,0
d4e15d,0
74d2f7,0
50215f,0
ea1873,0
5f62e6,0
231f24,0
91db65,0
40def5,0
51ddd1,0
dd3ba0,0
0dcb71,0
f34a0d,0
861eb2,0
f14cb0,0
053393,0
b6ba6f,0
6260ed,0
adb3af,0
a76cb3,0
767918,0
1011f8,0
8612fd,0
0cedfb,0
2fe827,0
02f3cd,0
5695a8,0
e21c69,0
68ae0f,0
70260d,0
0a2d5d,0
bde786,0
c71b44,0
4cb6ef,0
ba313d,0
8d3ffc,0
5db6ff,0
047d86,0
8b6c34,0
f6d288,0
70f9f7,0
7f7354,0
a78bdb,0
f31949,0
934944,0
7ef25c,0
99637f,0
52f509,0
ac4228,0
073302,0
029406,0
76f21b,0
a57202,0
120e4b,0
6c30bb,0
839f1f,0
f136aa,0
a71d64,0
b9ea2a,0
310506,0
1db785,0
241573,0
b86118,0
adf74c,0
84cf67,0
e0f83d,0
9ae403,0
473037,0
dc3013,0
150f55,0
8f26cc,0
2cd973,0
47e5c5,0
9aa255,0
92200f,0
cde364,0
d44ffe,0
ef891e,0
5f6b26,0
c421f7,0
fa3dd1,0
04953e,0
6e6ee9,0
39d719,0
85fcc2,0
3946c7,0
765f8d,0
23d533,0
5d7780,0
40b2eb,0
2688e5,0
f3ad0d,0
efb031,0
a6c6ff,0
dd0463,0
0bd987,0
f3d931,0
16300c,0
804379,0
7a23c9,0
afdd42,0
3b2452,0
246cd8,0
202edf,0
c4fa47,0
f19106,0
6a51c0,0
1cfdee,0
acff5a,0
a9e92e,0
0b94ec,0
f49eef,0
bfcafb,0
d2f8cc,0
419638,0
338712,0
6beddd,0
d13ee6,0
28fad0,0
4819e8,0
969404,0
9ab0b7,0
e86627,0
ae6d7f,0
c487b7,0
0dfdb2,0
904f26,0
5d20c3,0
46d6a0,0
361635,0
20f32d,0
e38cd1,0
6ca7d3,0
e1d95b,0
50713f,0
4213b5,0
be91f9,0
546fef,0
67ec29,0
0e505d,0
e2107c,0
b77c8f,0
dd3d51,0
76bcd8,0
91072a,0
8650e0,0
8207b9,0
44ff29,0
d5d09b,0
e66cb2,0
bbd1a7,0
9f8823,0
a45dc9,0
99df97,0
1b9482,0
c8adf7,0
88fcb5,0
cf870a,0
d29a43,0
937936,0
f1839e,0
990528,0
6505a8,0
02409f,0
dcbccb,0
06d5f6,0
d84194,0
694b47,0
a0e818,0
f3c50a,0
56161d,0
88a1a9,0
cddc3f,0
821938,0
19c5f2,0
2d87df,0
306adc,0
6996d9,0
3573ed,0
076a79,0
5b5848,0
dfcf25,0
dae6b5,0
ae4ee5,0
a6f54f,0
d74c63,0
d0250b,0
ac9734,0
178a7c,0
b25a6e,0
d30637,0
8c12ae,0
8dce99,0
cc12da,0
9a2987,0
347eef,0
e4b0b8,0
c6ca9b,0
8485ff,0
9be5d0,0
05f540,0
fc2828,0
34013c,0
96c4e8,0
817683,0
5360d2,0
640500,0
f259c3,0
2a3630,0
16ac11,0
85d3c0,0
4c98d2,0
0b3b47,0
93d28f,0
7e08a1,0
32d7a8,0
e8191b,0
444c19,0
9a8fe4,0
5bc3cd,0
e03193,0
8610b2,0
98c26d,0
0eacb1,0
83e9d2,0
9ff03f,0
12651a,0
4cbd81,0
aedee1,0
d37f5f,0
07a8aa,0
954a51,0
cdc7b8,0
065496,0
766868,0
efc2b2,0
115e59,0
3aeba1,0
79ef02,0
928945,0
e028d6,0
669437,0
44a87f,0
ccac75,0
965bc4,0
156abd,0
7fa01a,0
2bf21c,0
778e68,0
a609ac,0
1bf792,0
471b4c,0
d9e343,0
b63099,0
242387,0
990076,0
056feb,0
3825fb,0
c0b949,0
32d447,0
de8841,0
495b30,0
ab9c3f,0
ce6728,0
296dd5,0
8a9dcc,0
09ae3e,0
99d762,0
17c918,0
66c0ea,0
752049,0
a14ee5,0
630822,0
ac3cd3,0
fff98d,0
be9e18,0
921596,0
0f0bf2,0
6da5a0,0
e2cfce,0
237b63,0
e9a957,0
50f52d,0
c65461,0
6a9204,0
6be220,0
6c9da9,0
a4bad5,0
73c334,0
ea551d,0
2a4dd4,0
513bb0,0
43cbf3,0
7e0722,0
76aa4e,0
5bef24,0
0f3a0b,0
58f859,0
cae2e3,0
a634a3,0
24fd0c,0
efe4d5,0
6da989,0
c68989,0
cc54d7,0
84d186,0
a338ff,0
e23aa1,0
d3fe36,0
209db1,0
cd47be,0
264610,0
505e5c,0
d6d6db,0
b6209d,0
eeb63e,0
97d1fd,0
efe96c,0
ca056d,0
92bfe3,0
7a1a18,0
ef62b1,0
599f44,0
7e769b,0
cf4ba0,0
de777d,0
fcadb7,0
5c046c,0
a0849b,0
b4f217,0
7c7972,0
d6d12d,0
eb6158,0
11e9b8,0
38302b,0
013162,0
114c45,0
7f9110,0
072856,0
8bc0fc,0
7f8d13,0
3bbeea,0
d33688,0
06c9e5,0
489da8,0
8564a2,0
9bb893,0
74cccb,0
60c5a9,0
37b891,0
5f1ba3,0
45f0da,0
24590e,0
6adfc2,0
bf02b4,0
db966e,0
076066,0
ad1291,0
586a44,0
8d5776,0
7b9e3c,0
ab63ba,0
7312ad,0
36ec32,0
cf6875,0
c702aa,0
862777,0
17c802,0
6d17ad,0
69ad60,0
5762a4,0
4b4a4b,0
47e57a,0
519b53,0
129541,0
59de4e,0
abb991,0
1e160b,0
57275b,0
90e751,0
b69d7d,0
4b56c5,0
d471a2,0
44ac8c,0
af0aef,0
a254b3,0
692ead,0
162eb4,0
397720,0
f35e2c,0
0caad4,0
fbe189,0
45ed7d,0
095633,0
a0d40a,0
f6508a,0
2b499a,0
d3f647,0
668dae,0
346304,0
7712fb,0
fc6a85,0
6de141,0
81bc3f,0
7f8891,0
fd361b,0
2e2111,0
47fa1f,0
1c8785,0
8c5a3b,0
a62c99,0
c44efe,0
5c4d27,0
b8a932,0
3952d2,0
0d0b15,0
600b74,0
0b72ca,0
c515b9,0
e83520,0
85b477,0
af5662,0
61ebbc,0
ef7757,0
bfb724,0
009c3b,0
af3086,0
c9919e,0
de6783,0
348119,0
050197,0
c18e93,0
9e9170,0
de81d0,0
fd67d6,0
87f670,0
bfdc90,0
93db9a,0
49835a,0
4ac4eb,0
fc4758,0
bd0d7a,0
8bc51c,0
76624c,0
766cf5,0
829fbf,0
608eff,0
ce6354,0
814c40,0
a6b2dd,0
a36ee9,0
69590c,0
71e8f7,0
33cc2d,0
9ef143,0
ec970c,0
2bc41d,0
faeb5c,0
88bfa1,0
83a352,0
3601f2,0
04f287,0
f6cd01,0
11e295,0
9532c1,0
0ab43b,0
53b6bb,0
72521b,0
0cbb0a,0
a0af00,0
2bd292,0
dbb002,0
bcca3a,0
5673ca,0
2ca396,0
0742e5,0
df1816,0
ae8a76,0
bad9e1,0
c43c58,0
d8f96b,0
5bbcf6,0
d92b16,0
39d41c,0
bd28d6,0
fb4d08,0
f2d5bd,0
e49a32,0
e3f416,0
995a89,0
7a3cbd,0
0f742e,0
f71ca2,0
be2145,0
9f70f0,0
5ac7e6,0
9e8611,0
5dbe66,0
cd4ac3,0
2a4744,0
6392d4,0
d5b946,0
f63bca,0
8280ef,0
31832e,0
7699fb,0
13c3b7,0
8716f8,0
f67ebd,0
322fdf,0
ea4fd0,0
76b953,0
be2229,0
74bda1,0
f9ea45,0
4588ff,0
9c8f36,0
c9f819,0
0a137f,0
d4665d,0
23b6a3,0
6ebd7c,0
cff3f6,0
04df5b,0
7811ce,0
c60511,0
696b3e,0
4f9a0c,0
17445a,0
c2b8ab,0
153615,0
2a6c91,0
a9e449,0
51a323,0
f31118,0
c83a4c,0
182cd2,0
497ff7,0
bd0603,0
7e838e,0
6edfaf,0
9d89dc,0
d717eb,0
a2668a,0
d74067,0
749a20,0
81d93b,0
986d90,0
511a11,0
1b7883,0
d99145,0
92a841,0
31b583,0
8d8445,0
fa7684,0
2ff9bb,0
264f5b,0
122b3d,0
cb9ffc,0
5fa02c,0
5136e9,0
c68ee1,0
0dc46a,0
a28103,0
812ed1,0
f076f9,0
3ffa6b,0
139c63,0
205886,0
be6950,0
78618d,0
4931cd,0
6e7c05,0
ad6d88,0
a1d7ff,0
4e7f84,0
e61d7e,0
d95cb4,0
0e53ca,0
9ef601,0
14d3f2,0
43692a,0
c06d60,0
58d4d2,0
fbb795,0
5aba80,0
4e3c98,0
01b7aa,0
4b3efa,0
1d6e62,0
942f0e,0
eb8998,0
0db357,0
f60c0d,0
3a14a5,0
4c2db1,0
2d340d,0
c67665,0
af7e62,0
e33e15,0
8c4c52,0
8aec5c,0
b0e520,0
8bb6cb,0
2bf5a4,0
71fe61,0
d9bf73,0
b2a7c3,0
440701,0
86eb83,0
135438,0
718120,0
a9db6f,0
4edc42,0
e15baa,0
7ac726,0
90b7c8,0
62a3bc,0
0699fd,0
3c8ca5,0
b622d7,0
3bde61,0
549ec2,0
04160c,0
84832b,0
3b54c6,0
37b1a4,0
398c8c,0
a978d0,0
3c2ae6,0
dcee82,0
103d89,0
2603e4,0
d2019f,0
d0de46,0
709710,0
fb4364,0
6d8cf2,0
ac2db6,0
8eb334,0
00a861,0
99fb7c,0
664c7e,0
abb00e,0
6d2e7b,0
123c38,0
7cdcc7,0
0b0d9e,0
cad113,0
3a3ed4,0
33865d,0
8447b3,0
f99594,0
d9e81f,0
74da49,0
6e15f0,0
9cbc34,0
04ac13,0
d1d048,0
52bae3,0
529d69,0
fda945,0
a7a40f,0
8c18c2,0
826036,0
f0c80b,0
6f603c,0
455062,0
9cdd7c,0
a1aa88,0
6386b3,0
32a202,0
64653d,0
89aaaa,0
096eaf,0
ee7415,0
878f53,0
f7ed11,0
bd9eee,0
5570a1,0
a247db,0
33cedd,0
7d89d5,0
21230f,0
37b352,0
4b5288,0
f8f167,0
81be4a,0
3937d7,0
f76fa7,0
5ddb81,0
ecec0d,0
321320,0
79ae32,0
31550f,0
171621,0
7da855,0
70c063,0
896ab9,0
57e606,0
1942ed,0
e37d13,0
77b7d2,0
668216,0
d5e1c4,0
7dbc35,0
01b20d,0
caf946,0
f8c091,0
27e6f6,0
aced70,0
cb18da,0
7bc132,0
90f49a,0
e02a8e,0
467886,0
c62e4f,0
223320,0
24059f,0
c0ebf2,0
75cbce,0
48c57d,0
50921d,0
984bab,0
6bbc80,0
3997b3,0
60aeb4,0
6b6bbf,0
4a32e9,0
b2fc53,0
7f9efa,0
e3c694,0
2d74eb,0
5ffd5e,0
fa6b23,0
0f3136,0
d91e1a,0
d4c902,0
ee6207,0
23e143,0
21e0fa,0
8e3b7d,0
0d3d79,0
1c7409,0
a8e5ef,0
18d9f4,0
f6929e,0
ef8634,0
127f76,0
029931,0
1512a7,0
d57d91,0
9aaddf,0
1bba0e,0
a0b1f6,0
57ed3b,0
43d111,0
ec270c,0
2e6451,0
7ec94a,0
4f823d,0
187352,0
5851fc,0
dc2fba,0
49b9eb,0
0ef9c2,0
3c3d25,0
75f3ff,0
7c43e9,0
aaa7d6,0
d04c1c,0
68ee46,0
27037a,0
7cd5ad,0
786037,0
b86849,0
471dfe,0
019017,0
c27ee6,0
4398df,0
6b834c,0
bbdcca,0
6b1712,0
c5a212,0
b5c9e4,0
5ba3aa,0
bf8ab3,0
4bf5c7,0
fda1eb,0
b96442,0
885370,0
bdbe4a,0
44f029,0
ac7b8b,0
1bd3b5,0
5d1824,0
9a1f1a,0
9cd1fc,0
0b6fb6,0
3d8789,0
19a89d,0
57f308,0
9fb49f,0
a57d05,0
5b6f91,0
a84ca1,0
516358,0
5d0524,0
308cd2,0
75013e,0
f02c29,0
698909,0
031f40,0
2d3afe,0
1666f3,0
8d20f4,0
f897a1,0
6393e4,0
c2b464,0
656987,0
f3fa0a,0
c8768b,0
b61795,0
f9aae1,0
7f31e2,0
5e0a36,0
eb95df,0
317994,0
a8a9ca,0
4e1bf7,0
ba0206,0
e6ad94,0
81db2d,0
6e7187,0
5c7e05,0
b90793,0
3f7bc4,0
f4438c,0
ec5ed1,0
bda51d,0
9b26ab,0
7651d9,0
2784a3,0
f7d1f0,0
b806dc,0
66bc6f,0
abd719,0
021cd6,0
7b5c80,0
c3fd77,0
6f6c6c,0
ffd2cd,0
12c45c,0
235702,0
7f2baa,0
8dc977,0
7dc56a,0
aee2f2,0
8671b3,0
7bf564,0
43db6d,0
cf3cc3,0
f25bc5,0
93954f,0
f27f63,0
da505a,0
2dffe4,0
df347b,0
176604,0
7761d5,0
7cebf5,0
f80b9e,0
ce0f85,0
8a0f0c,0
c9ef2a,0
377ef6,0
29acf4,0
c15535,0
d68e7a,0
67b6b1,0
e06dd9,0
3a2064,0
dc56ff,0
e47402,0
589abd,0
fc7ec1,0
f0c6d1,0
333ba6,0
24d56e,0
ba159f,0
0153c0,0
d46cb5,0
f4bb71,0
188597,0
d56ec1,0
bd0e58,0
12bf95,0
1fa2d7,0
2546f7,0
b98425,0
fd644e,0
b8d093,0
41278a,0
4b13d0,0
59919a,0
fda5d4,0
b50d73,0
13720d,0
a823eb,0
a16a41,0
62111c,0
048b31,0
278ed3,0
e4503c,0
177afe,0
5bbf85,0
8f5d17,0
ff29f2,0
91d7fa,0
e756c5,0
f1e493,0
29bded,0
564117,0
578d9b,0
43cf8d,0
9df057,0
3343ad,0
fe6768,0
d0dd83,0
491dcb,0
08ec8e,0
53c428,0
b3d672,0
c61438,0
d76db9,0
da0823,0
7734fc,0
398f59,0
b8b54e,0
fed7be,0
4cdad0,0
35b782,0
66e689,0
1c4082,0
8b7d9c,0
337622,0
ef51df,0
ecb81d,0
56bad6,0
16fa6f,0
697561,0
0c8f45,0
8e5f73,0
a3307e,0
3a7ac1,0
ce212c,0
6829b4,0
182214,0
5443f6,0
716aed,0
6d8cb8,0
c3211e,0
96c05a,0
52ffd5,0
19d074,0
aea6dc,0
927fd6,0
c640a9,0
21ce30,0
fefaba,0
ec6cc4,0
54346e,0
9b956e,0
39fad8,0
9c5438,0
dc97a9,0
6ed91d,0
ea018e,0
212794,0
17ba9b,0
7a6c7d,0
577364,0
8d66bd,0
c6f1ee,0
56b268,0
ca4078,0
a6d064,0
629698,0
ca5496,0
733808,0
fd7660,0
4d37cf,0
39d9bf,0
aef230,0
b2cb4e,0
7add95,0
3e0e61,0
2bbf36,0
29de1f,0
a0fcdb,0
bb4a77,0
901155,0
887c62,0
7c7800,0
df626f,0
45d4cb,0
0ce666,0
58f6eb,0
41620b,0
dc3f76,0
f1e73e,0
4a1d37,0
d92221,0
a3839e,0
a8d875,0
b1a3fc,0
014ac2,0
d2bd6b,0
f0739f,0
615744,0
87bfb2,0
22d906,0
7eea07,0
881dc3,0
41bde5,0
fb1ff3,0
de5c83,0
fad374,0
6a7e0e,0
af6678,0
02e03a,0
91ac62,0
250cf9,0
e43aaa,0
c6c2fc,0
d032ac,0
13f731,0
122428,0
6bdb7c,0
e09cb0,0
4aa481,0
ad4f35,0
828076,0
d381c9,0
4ce4e4,0
29dcff,0
a3a326,0
9d05d9,0
00bc03,0
934022,0
b7deb6,0
48bb59,0
776070,0
d67d92,0
58b647,0
23ea5a,0
ef4f85,0
5d6d79,0
4b0057,0
7f18b8,0
feb19b,0
606b12,0
2df236,0
162ea1,0
4a5d5f,0
0b6d79,0
595deb,0
86b295,0
c99e3b,0
d11d7a,0
1cb7bf,0
2baef9,0
494d6d,0
7b8988,0
f53bb1,0
306a8d,0
33859f,0
f05e0a,0
2c0a6d,0
9175ed,0
d9700e,0
aa751d,0
d5dfef,0
630d8a,0
4b3b78,0
ce1a7b,0
c226ff,0
eb0d3c,0
7eaf9e,0
b3696d,0
bc485c,0
7118c8,0
5d4b27,0
9329b1,0
41c8d2,0
85507a,0
361bd1,0
31e71a,0
d4b396,0
7e3deb,0
274176,0
a3f658,0
70a1ff,0
41c2c9,0
64235b,0
253e83,0
8837a8,0
69d02d,0
19d96e,0
4143a7,0
e93725,0
857026,0
172bdb,0
9262fa,0
7aed8d,0
33d7b0,0
5a4e2a,0
19edd8,0
0561e1,0
c234ae,0
46a8db,0
87a5f1,0
f0833e,0
d3b495,0
8aceb8,0
fb17ce,0
69e480,0
fd254d,0
b8a323,0
f2cfab,0
6bc6a9,0
ed214e,0
acbf20,0
3ec3a2,0
b3d603,0
a4aefa,0
07a20f,0
7d2e1f,0
9ad383,0
02be35,0
62a298,0
0fc268,0
5c9813,0
20cd4f,0
078e1b,0
15f523,0
9d059b,0
90db48,0
1e63bb,0
448a43,0
72c8be,0
57a2ec,0
c711a0,0
c3a1bd,0
57bf1d,0
e0db5e,0
ffa677,0
11c021,0
53f3da,0
f0d3c8,0
21a5cd,0
6e920e,0
25565e,0
cdcb72,0
706652,0
62f19a,0
b8f7d7,0
e95710,0
aff2e0,0
52d592,0
5f5a8c,0
1f950b,0
0ebd61,0
3683d9,0
4af67e,0
0d148e,0
848590,0
078f00,0
8c56b7,0
9cefcd,0
e910eb,0
073df7,0
0b70f6,0
e8fd1b,0
404d22,0
f605e1,0
c298c9,0
4ec216,0
56b3af,0
543433,0
e71b7a,0
fe93f2,0
6fe8ee,0
9ac11c,0
6642dc,0
a16592,0
46d6fc,0
fc18f8,0
1463c2,0
c7052e,0
87319d,0
2ecf0b,0
b03f69,0
310a55,0
28b85e,0
eaab34,0
a9e472,0
c33575,0
a680b9,0
bdec23,0
463fe9,0
da216e,0
e944d8,0
2288aa,0
7be2a2,0
0aa2e4,0
6a7ce5,0
a85251,0
ab6219,0
b37b0b,0
403575,0
986c1c,0
4aef46,0
ad4742,0
18db61,0
8a48f0,0
1c1548,0
282e52,0
4afb91,0
39b640,0
a3a923,0
26868c,0
8987f8,0
c6bf38,0
20800d,0
c14059,0
8253b7,0
ad0005,0
2d24da,0
7b739c,0
b2df3b,0
e0d829,0
1f24e9,0
690ed8,0
1898b4,0
68d77a,0
92e2dd,0
f903a5,0
bc33f1,0
ef66b9,0
0263a9,0
284d69,0
d4c054,0
518c72,0
3a6fb0,0
82cf51,0
a3bcbc,0
4dfb58,0
1aba95,0
b584c9,0
3f7a47,0
2dec59,0
8736b6,0
46f9da,0
24ba48,0
64281b,0
57ec8a,0
8bc0d0,0
d47008,0
d7ce9d,0
410acf,0
213d52,0
d7f27a,0
0033c5,0
8aa945,0
633ff6,0
4a5cab,0
7a8ec9,0
aa0772,0
8c2c8b,0
6ab5a2,0
914260,0
a81a88,0
0def07,0
b4fbe9,0
945e2f,0
5211fb,0
07b03a,0
307cec,0
a79f63,0
4fc37f,0
49ac5f,0
556d26,0
a17793,0
f499ec,0
006ea2,0
c43703,0
03e4ce,0
be4672,0
6ee2f2,0
7a6931,0
a4cbfa,0
eecae5,0
d0a94d,0
1337e2,0
e8b371,0
7d9f62,0
491095,0
e01e2b,0
c79157,0
3af58b,0
ef2e94,0
232550,0
698536,0
41e169,0
b483e1,0
c30ae0,0
61a195,0
57aa0b,0
9dc984,0
129817,0
94b22b,0
a89635,0
692d86,0
83e053,0
d1f33c,0
70a19b,0
d3e0bd,0
25ae84,0
b19011,0
003860,0
171e4c,0
d5e3c1,0
d129e9,0
fe6cec,0
144f68,0
173fc3,0
912497,0
efcc15,0
5542b3,0
519492,0
a898cd,0
be81d6,0
53aae9,0
f4a9d1,0
e789e4,0
8c451b,0
128eca,0
4121b9,0
5db37c,0
0aa6ba,0
e3d1b3,0
f2446e,0
9ac87e,0
162efa,0
929330,0
d36da7,0
b7b367,0
73b0a0,0
c78e6e,0
abee5c,0
8edc56,0
d76eaa,0
815eb7,0
943dd3,0
12baaf,0
120ede,0
002a5a,0
f4aa58,0
4894e0,0
47fff7,0
7ef84b,0
051e05,0
925863,0
ef90e0,0
7c5ba9,0
5c705b,0
9d4fff,0
f335d4,0
8dcda3,0
e3295f,0
b67e3e,0
8a3887,0
0355f5,0
34fcdf,0
3e331b,0
f4944c,0
794b28,0
823d55,0
491e69,0
5e71e6,0
e57cbe,0
61b686,0
1718a0,0
51a4a7,0
b06d01,0
354e2a,0
d20419,0
834308,0
4b8286,0
7528eb,0
5ef4b2,0
463781,0
d75544,0
161064,0
d03a29,0
56870a,0
4e2e5f,0
7f7d76,0
e0b979,0
5d7787,0
0135b7,0
89ee30,0
7485ea,0
4cf905,0
a12723,0
80db29,0
46e376,0
2fb2f3,0
ff6894,0
ece47d,0
da0dd9,0
2c2648,0
21a937,0
c4a695,0
d45cba,0
21bcbd,0
b86256,0
1c0dc4,0
4bf7a7,0
6d84ae,0
a3a361,0
fd68fc,0
bb83db,0
db0c2a,0
3ee6d5,0
17e03d,0
7f866b,0
58d810,0
62bc07,0
b2fd12,0
3b77cc,0
a11987,0
b0b5f6,0
9e79c5,0
1e71ca,0
48ca94,0
9523aa,0
767af8,0
5f1f03,0
815e92,0
74b48c,0
57e235,0
c110ad,0
288df4,0
304ec0,0
1f67ec,0
c989b7,0
db2d48,0
24eab3,0
97ab06,0
8fc29e,0
59e7c8,0
c74b42,0
d5c50c,0
af101e,0
c6148a,0
ac2977,0
822a7c,0
37afa7,0
825e26,0
3892a2,0
be90ce,0
a7e6ff,0
b7737c,0
5269bf,0
2c1185,0
45c8af,0
11e160,0
bf42b4,0
36ad3d,0
dcc605,0
c78f9b,0
1a804e,0
f43859,0
c89384,0
5c44ce,0
f1a622,0
b12c76,0
51892e,0
67b141,0
01e39b,0
bd4062,0
27556a,0
94d05f,0
84dd80,0
eefc41,0
5d3ff9,0
9349c2,0
1a172e,0
0065e8,0
b94187,0
83bd9f,0
27eeb5,0
2a53b9,0
9ab353,0
cc68e0,0
1d0fef,0
60e123,0
6602c8,0
06fe0d,0
afec7f,0
2e97f3,0
989245,0
c537f3,0
bfd8da,0
708307,0
782389,0
8f08f5,0
0681fd,0
408d23,0
7f03f9,0
cb7170,0
a037b1,0
feefe4,0
10ec9a,0
1080db,0
a5ab06,0
23f50c,0
61383f,0
b82d5a,0
6952d6,0
70bc54,0
c576a2,0
c13a26,0
111b96,0
3f2e3d,0
9ddcdd,0
fcd372,0
c3a748,0
d03d71,0
311029,0
c3756d,0
749fc3,0
6e6d67,0
a9cab2,0
ad9f3d,0
867837,0
e30d8c,0
9cb92b,0
aacbca,0
07b28e,0
36b2d9,0
7688de,0
e3455c,0
4f8bbf,0
a48920,0
f81073,0
788f80,0
0f1595,0
9dd0b1,0
0cc493,0
582301,0
d391f5,0
072d74,0
c5cdf7,0
5a8579,0
e548ca,0
b517a7,0
abf8c1,0
34fbd1,0
b0cbee,0
a0ac1f,0
f7ed1b,0
ab4d6a,0
787a01,0
c19b59,0
db9e90,0
462fb3,0
093032,0
c353bb,0
d35d9d,0
266009,0
f053ed,0
20cd79,0
ae4d29,0
4e4866,0
d93399,0
be2a47,0
5da968,0
4e7180,0
f96253,0
6e37ff,0
218dc9,0
b4e7a0,0
c86a1d,0
d8736c,0
63ee10,0
064335,0
0b1c57,0
7ea5a8,0
310654,0
b1af4f,0
6994d1,0
1594a0,0
756794,0
644c38,0
af0339,0
debaf0,0
b4d3a1,0
cfa502,0
f0e081,0
af5b92,0
04d3ce,0
2e6189,0
e2a553,0
f9d0e2,0
6e4a3a,0
521c02,0
c1410b,0
655800,0
06deb0,0
74818a,0
1e4e46,0
078801,0
91370e,0
12476b,0
31216d,0
8a5259,0
f82a05,0
9d233f,0
8fbbec,0
1548ce,0
14d50c,0
97d32d,0
2b879d,0
b69e86,0
293401,0
25eebe,0
79e20d,0
774cb4,0
dd9bbe,0
082da0,0
edf5ae,0
0df635,0
6b6d0e,0
2f1215,0
325b5e,0
ae8232,0
bf0447,0
528edd,0
d0a812,0
acc7a5,0
2d9464,0
546f01,0
503db6,0
ab10be,0
b4b2ba,0
462c1e,0
e51104,0
0dbf9a,0
4dde99,0
cc021e,0
357874,0
f13a95,0
524766,0
b559fb,0
c63f16,0
e8a1f7,0
1547f7,0
0a3759,0
bdffb5,0
2a51b0,0
5d8ee8,0
3351d4,0
0f8625,0
c1e4ac,0
604639,0
c2c422,0
488cdb,0
04fb49,0
bb47a0,0
7dcb16,0
d2adf6,0
0da15c,0
efb371,0
318903,0
8f00f9,0
2a3c45,0
aa7eb7,0
f84f1b,0
f67492,0
d532c9,0
e65269,1
687f83,1
d87094,1
c79c79,1
9eeb3e,1
e49b45,1
a8ad4e,1
331a72,1
c482da,1
260239,1
d39e12,1
8acc21,1
36cf87,1
37be1d,1
5400ab,1
2469fa,1
a94e28,1
a42429,1
c1977c,1
2c542e,1
ce072f,1
446c18,1
0cc9f1,1
febe62,1
278316,1
392bc4,1
1b95a2,1
ab150e,1
dccb44,1
c5a174,1
01448f,1
2954c7,1
1bbc01,1
2804be,1
900917,1
4424a6,1
2918c1,1
1e974a,1
411fa1,1
6b04dc,1
137783,1
51105a,1
61baa0,1
eb4944,1
abf85b,1
1be8ac,1
cc7e71,1
55fee0,1
c974f9,1
4e04ae,1
5f83b4,1
a58e86,1
f21d24,1
6c2f66,1
81bd1a,1
2ec1df,1
6abe70,1
f6a4e4,1
0ae05f,1
979045,1
ea7238,1
257588,1
976f45,1
6a9818,1
f887d1,1
091c3f,1
a31d64,1
b06b0d,1
591470,1
2db97f,1
923776,1
711147,1
390e11,1
a45306,1
9168f4,1
2df5d0,1
f0154d,1
7af604,1
95b2a5,1
7224a4,1
ab6910,1
3b9bab,1
1f9df7,1
8d6288,1
53f1fa,1
8150e8,1
f3123b,1
6ed6e1,1
630b73,1
40e1a5,1
1871f5,1
c1ef16,1
947b7f,1
b1406f,1
0e4525,1
de4365,1
0bfed5,1
a9a7e3,1
339f4a,1
c59453,1
1d5fc4,1
d343de,1
c4341c,1
a2a1b9,1
d6073b,1
dcd487,1
5f1a9d,1
2223db,1
f322f0,1
0d33fe,1
2e9777,1
659a46,1
e40e6e,1
cf735b,1
88cfc2,1
c27671,1
434e22,1
f448a0,1
6b53f4,1
464b66,1
048fc6,1
a33381,1
71650a,1
ac717d,1
c0bf2c,1
dd7f35,1
6e3805,1
8d97a9,1
b8c768,1
c89e2a,1
4b05f2,1
e5f620,1
53eb19,1
6283a9,1
3f530f,1
cd995a,1
0e82c8,1
c0cbe5,1
f12d9a,1
45c55c,1
148f13,1
84fa59,1
806d2e,1
ddedaf,1
2deb18,1
96b4ab,1
7703af,1
768e44,1
599f80,1
48300f,1
0c029d,1
1f8d5b,1
619d56,1
81f031,1
6773a2,1
89ec2b,1
5fdf1a,1
c229bd,1
d8b5f8,1
237710,1
b8b370,1
f3ff40,1
dee284,1
3a3e5d,1
e0cacb,1
bd05d9,1
3e2992,1
eb3000,1
44da29,1
c602e3,1
65d583,1
1f2802,1
43ef78,1
17cabf,1
3cdc5c,1
bfbca6,1
8fc8a4,1
b6b849,1
c355a7,1
e60a5a,1
b99db8,1
fdbe90,1
b4d12a,1
2d785d,1
dc100b,1
66f394,1
d7a7ad,1
e56932,1
0e3a72,1
a7013c,1
0782fe,1
159735,1
309b14,1
23e559,1
48e235,1
44dce0,1
2185a7,1
989c6c,1
1333d3,1
56bf09,1
c0b81e,1
2fc44f,1
b6ec49,1
d2b049,1
38fd6a,1
d7e5fc,1
921aff,1
16eae5,1
4cded5,1
07b87c,1
505815,1
c8f1d8,1
f8f340,1
ada29d,1
ff1417,1
c03def,1
acd8cf,1
c9751f,1
348924,1
fbf34f,1
26df9c,1
f38c1b,1
c231ef,1
1851fc,1
ba485c,1
3cb8da,1
c21bdf,1
30a2a0,1
2691ed,1
0a174d,1
aed8a7,1
10bb32,1
369953,1
0cdb5b,1
fb9921,1
c231eb,1
42f04e,1
b36ab5,1
ed1347,1
b4acd5,1
c0b0c7,1
041589,1
9ae9fa,1
68d8d4,1
a5466d,1
b8c98f,1
635e7d,1
74f4aa,1
98079c,1
5b4012,1
94df0d,1
5be7ee,1
cedd72,1
11e37f,1
c7f58b,1
ec5c0d,1
4b33f4,1
c19c73,1
da1474,1
e83de2,1
873018,1
0539f0,1
83f27a,1
34d6ed,1
2d3b7f,1
566e1b,1
ddd00c,1
996b6f,1
8c4941,1
ee43e2,1
47d4a0,1
c6221b,1
21a503,1
64087d,1
27024d,1
603f7d,1
037cd7,1
b54d69,1
944eef,1
c49423,1
428615,1
08b710,1
aeafc1,1
bd527c,1
434558,1
c0b4dc,1
7d56b8,1
639310,1
9ba613,1
dbfee3,1
8f17bc,1
0833d5,1
05905a,1
07516f,1
de99bf,1
6aa70c,1
7ac74c,1
30a77a,1
7a94e6,1
e055bb,1
b5e138,1
c83dca,1
3a4e21,1
62ed1c,1
571175,1
cd2faf,1
8be119,1
960a50,1
178c24,1
7276f8,1
3e87cb,1
824e27,1
0dad25,1
94e687,1
51acbd,1
1f6f6a,1
ce4152,1
dad2cf,1
43db32,1
33f782,1
3ab9d6,1
92eabb,1
374dfa,1
71430e,1
82cec1,1
e8e175,1
ce0405,1
3a09fb,1
47cb64,1
8ef567,1
7d5abc,1
f97623,1
2c72b0,1
65f9d1,1
026ccf,1
50a33b,1
98102b,1
1ea9c0,1
c134f8,1
91db10,1
be4e27,1
fcc6fa,1
64b49c,1
4bcade,1
e59526,1
623b4d,1
3cf570,1
a7d893,1
89ce16,1
c99855,1
bb3941,1
aa4844,1
0ed743,1
8549a0,1
3168dc,1
3b9f1b,1
21de1a,1
55f332,1
bdba80,1
3441c7,1
497351,1
83ed2f,1
8243fa,1
fdd60b,1
dff1b6,1
e40dff,1
7fea96,1
85821b,1
2695e8,1
2239ca,1
5524cd,1
48e7f5,1
d9beda,1
8e42e1,1
868a00,1
c82efd,1
8f26ff,1
653db0,1
37e4bb,1
c45d7b,1
0775d1,1
57b27b,1
219642,1
862b21,1
607e83,1
e0e925,1
11e613,1
7ffd87,1
5e220f,1
997791,1
54b417,1
3840ad,1
ccd8f9,1
3f928a,1
37c96a,1
00ee63,1
37d266,1
054e77,1
b10c50,1
63ea35,1
71ace7,1
0b9249,1
666869,1
342b59,1
335aee,1
a8f381,1
c0f8ac,1
f81151,1
475d34,1
49082b,1
5cd867,1
6f5c5a,1
10a473,1
119dc1,1
1f9d59,1
4118eb,1
678505,1
40212b,1
ad6383,1
6a29bc,1
00b6fd,1
6c70ed,1
3aea07,1
51329b,1
824469,1
594715,1
dd6ed1,1
e6ac1f,1
7d4817,1
223949,1
f8fb48,1
1588f9,1
d5738f,1
07953d,1
604a09,1
8a89d1,1
1688b1,1
e26ea5,1
7f3af5,1
1cff9c,1
881015,1
441288,1
2ef3f7,1
4ecae7,1
fa1335,1
c00ee7,1
af4caf,1
3f9ffb,1
24b95f,1
e43d08,1
7d7172,1
56dfd3,1
18716c,1
2b1ec9,1
d8dc19,1
5f23d4,1
f33f4f,1
f3686a,1
0d0665,1
4c02f1,1
194939,1
9f0f92,1
c56203,1
d10ffc,1
2c15cc,1
afac67,1
e49f6b,1
6efa23,1
d20181,1
3d5683,1
7eb38d,1
a9809d,1
e9b66d,1
68fb65,1
0a46d5,1
436065,1
cdfc49,1
c7390a,1
edb89c,1
f04776,1
046a41,1
e7662b,1
5b9b5d,1
6402eb,1
0d7934,1
85d0d2,1
51a273,1
ec3d22,1
de552e,1
4e2c6d,1
1bb3d8,1
ccf4d1,1
34f93e,1
3e3450,1
06bb3c,1
684202,1
e155a6,1
0e9115,1
1750a4,1
9e1dc8,1
d87166,1
3580eb,1
6f2006,1
024f60,1
1425a6,1
8da184,1
48917d,1
62f323,1
0c0650,1
a7479a,1
b8f8c6,1
18821b,1
4e1f32,1
cf31dc,1
c97e02,1
8a03a5,1
bc144e,1
fdc6a0,1
7e5b35,1
3f07c0,1
92dafd,1
650186,1
36aeaf,1
49d2e9,1
970905,1
345946,1
77c71e,1
b079ad,1
c7e9c7,1
8d236d,1
486a7b,1
541929,1
c8a6fa,1
982674,1
95730d,1
2f4122,1
812e00,1
555485,1
120dcf,1
6174db,1
e0ec3e,1
9470b2,1
dade45,1
30584c,1
1beec8,1
5e8310,1
265607,1
83b961,1
415fe3,1
70f2e9,1
f280b1,1
22ebe5,1
5fed3b,1
acea31,1
ef2d4a,1
72f315,1
60d805,1
ead91f,1
59f817,1
f3a5b6,1
2f43c5,1
4d7bfe,1
d91049,1
289d17,1
4f1010,1
406053,1
e734fd,1
59013b,1
cf2aeb,1
b8c81b,1
904474,1
1c84ac,1
d8f1ad,1
e4f3ed,1
0fbdf3,1
309c74,1
d3281e,1
3d8255,1
84fb6a,1
039c81,1
1c7e1a,1
fde700,1
447119,1
a25611,1
8f5e72,1
e50c2e,1
f9e932,1
2b864b,1
6bc3f8,1
497f49,1
cb972e,1
327710,1
9bc412,1
350746,1
c2865c,1
ebc936,1
85bcf3,1
0ec137,1
fe64e7,1
8fded2,1
acc31b,1
9e2bd0,1
f3cf5d,1
a21eb1,1
d19e28,1
56548f,1
eecc39,1
3742e9,1
2f3a42,1
d07d1b,1
c5b383,1
35589a,1
bcc92b,1
7b9ba2,1
83d960,1
98a059,1
304503,1
6ce318,1
26b416,1
de4860,1
90a1db,1
766696,1
f9abbf,1
9cf5f1,1
4438a5,1
f2047f,1
9e005f,1
39377a,1
64da8b,1
f72d3f,1
4dcf51,1
72d11b,1
313951,1
912f9a,1
ddb2fd,1
727271,1
6100f5,1
f47587,1
ec123e,1
50a642,1
dc6c23,1
1d04b9,1
478daf,1
c1f211,1
b9cc45,1
c5893d,1
d1e119,1
0791e4,1
3aa5b8,1
b9dd51,1
fac9c0,1
8dcfce,1
1f4d6f,1
f3fc81,1
32bfa5,1
5a6587,1
3fb0dc,1
721232,1
b025ed,1
5bc611,1
7ccb78,1
f7c4e1,1
471648,1
263c8c,1
8262c5,1
f8931d,1
74b732,1
c3c364,1
8105e0,1
fd4898,1
c42b46,1
34e769,1
c44d5e,1
af675b,1
3c89e5,1
96eb8d,1
9e6d63,1
8f6688,1
bd5d7e,1
5fc049,1
d2bf73,1
94e713,1
b494aa,1
48ce19,1
0f412e,1
12bc7f,1
5f1c95,1
f09ae2,1
71f3eb,1
fc1b96,1
ee9927,1
1b265f,1
42898a,1
a09eb4,1
76b14b,1
c0466e,1
e22569,1
8bc527,1
1ae3f4,1
545ad0,1
adbf5d,1
d5e843,1
29244d,1
fa3b4e,1
a3c108,1
ff64a6,1
163cc4,1
282659,1
fa983a,1
3261a6,1
8f0137,1
07dba4,1
3b732a,1
99e370,1
fc5faf,1
07de5d,1
42f4d6,1
10d42e,1
f012f5,1
af5441,1
8a536e,1
2b9c46,1
a8f75f,1
6211d0,1
c646e9,1
e9fd47,1
27bb20,1
524e6e,1
af7f4f,1
623230,1
3bc669,1
a1bed1,1
9553e2,1
67eaf5,1
45af1a,1
37f164,1
0f2189,1
0f768f,1
ec5471,1
751648,1
c0f354,1
de7d94,1
0b9997,1
4b1d27,1
1009cc,1
7e3e4f,1
e5c45e,1
49e27c,1
add169,1
92acd3,1
fc4149,1
e88617,1
b68e18,1
1d291d,1
bc75ed,1
054c21,1
73ebc4,1
29e217,1
e049df,1
953acb,1
622cd9,1
fea1cf,1
fb275a,1
186221,1
ab671b,1
a27c7f,1
6095b6,1
871f80,1
8025a2,1
7571f7,1
7af794,1
cba14b,1
742915,1
79bc77,1
3122a1,1
d869eb,1
3091d2,1
6963e5,1
5b5965,1
2f2834,1
36498c,1
caf436,1
0ac693,1
7066e2,1
523f24,1
475c3a,1
233f48,1
6a5072,1
5ca8e2,1
820509,1
b43643,1
15ca3e,1
1caa73,1
d45d5e,1
a728b6,1
9a5b5d,1
d1b9c5,1
684422,1
3ad67c,1
40a7fe,1
51038f,1
8f7d38,1
a5cc29,1
7426a5,1
0e897f,1
c4f48f,1
68c38f,1
0560a5,1
661f97,1
68465d,1
1b3e09,1
755c3b,1
ddf81a,1
d3c9ac,1
2b13ee,1
8b942c,1
7fa575,1
c95ece,1
521765,1
a318ee,1
96e40f,1
1122cb,1
ca52ee,1
60eae8,1
e823ea,1
5e044d,1
09911d,1
3dcdce,1
967454,1
1761c9,1
b4e0c9,1
2b4dac,1
25ebc0,1
05648c,1
090ced,1
da8994,1
2e3046,1
657177,1
85708c,1
e20c3a,1
ff7aa3,1
bca1c9,1
e10ce4,1
9e504b,1
40f59b,1
39da5e,1
d57dfc,1
63aa95,1
2c975c,1
4e4fc8,1
1b5b42,1
deeb9d,1
45d238,1
ac59b2,1
c32e44,1
d90408,1
7f9a4f,1
660735,1
c2e123,1
46e190,1
84132c,1
d9cdc9,1
e2a172,1
2dd0bc,1
fa2e7e,1
8959cc,1
9f7d05,1
50a649,1
dcb821,1
3626fa,1
e6e48a,1
41b468,1
5aa405,1
0e01fd,1
67a9c5,1
aee9de,1
403baf,1
0d774c,1
211f59,1
a3c939,1
e880d3,1
5262e5,1
63a377,1
21c64c,1
055e5f,1
8c4826,1
98f532,1
7dcc7f,1
1799d0,1
b10854,1
02e15c,1
3975b0,1
53d61f,1
6aeb83,1
273120,1
a3fbef,1
469b6a,1
c9ccf6,1
8912b4,1
0a5f85,1
18f7f8,1
07cbd1,1
9c13d0,1
935153,1
4579a8,1
7ee8a0,1
dd77f2,1
9100b2,1
0c273e,1
3b1b43,1
1d1a99,1
10b60a,1
373d5a,1
f48276,1
52a952,1
2fba66,1
dc05c8,1
b6afae,1
353f72,1
eadc8d,1
134697,1
23a70d,1
fb432e,1
255fd9,1
3f6a1d,1
d4b11d,1
14dbd9,1
895f67,1
174d7a,1
28f028,1
1837e1,1
3f6baf,1
7ee432,1
61d1a7,1
7a28ce,1
7c95fc,1
54a155,1
67dfaa,1
ee073d,1
aac6fa,1
bfe482,1
25484b,1
ab195b,1
b59ef8,1
98ea96,1
73ac44,1
45a3ca,1
2f937a,1
659d46,1
531b3d,1
8b242d,1
652c56,1
feb86f,1
fe33a2,1
daf184,1
411565,1
b6d71b,1
dff113,1
33c126,1
8d087d,1
b4bd7f,1
78311d,1
9a717e,1
2320ab,1
50f3ce,1
cbc76a,1
218cbf,1
961966,1
f92ce0,1
90a902,1
80a380,1
0fa08f,1
f4d83f,1
26d7c0,1
5262a0,1
cf5ceb,1
76e977,1
040dcb,1
f12a93,1
b726eb,1
e48357,1
7bb785,1
2fef2c,1
acff7d,1
196800,1
0cd97e,1
e9641b,1
a68a9b,1
cc9ab1,1
cb521f,1
ae97f4,1
ace830,1
195fd9,1
51127a,1
1ea96a,1
30fccc,1
ce0ef3,1
938878,1
981d50,1
4c246c,1
a48928,1
459a98,1
4d028e,1
666819,1
b2a4f3,1
4d8eb1,1
2a1b50,1
20e812,1
1bf782,1
7de040,1
8708c5,1
28e47d,1
4814d2,1
0ff3b8,1
281413,1
064077,1
ff1d52,1
46c7e5,1
9a5d5a,1
1b4046,1
d76e1f,1
40aa38,1
c825c1,1
6d1e9b,1
6e1230,1
20b80b,1
463e04,1
afa2b2,1
f4133e,1
454c51,1
29b652,1
407503,1
5a1efc,1
7941ef,1
49e4fe,1
1138e8,1
fbb985,1
fd19a0,1
3d040f,1
f3bed9,1
99a4c8,1
a7f316,1
6b5960,1
55c9b4,1
36261d,1
2f2f9e,1
4d622d,1
9ab867,1
61069b,1
e3e73f,1
c88863,1
e23b8f,1
39c43b,1
4adba8,1
3af6f7,1
125e7b,1
5dc373,1
606567,1
5e0334,1
7570b9,1
e4b5be,1
413ca2,1
fbcca8,1
056ee7,1
6d1534,1
d7a84d,1
776a48,1
ed9e22,1
7c3c68,1
2a60d3,1
dd36c8,1
6238aa,1
f9c382,1
25ebfb,1
9002ae,1
cff3da,1
801371,1
cf198d,1
8fc0c0,1
abce84,1
5df8c3,1
f3bc10,1
4404ee,1
987156,1
fc891d,1
961110,1
cadba7,1
8a170e,1
f1aa1c,1
3968bc,1
3d75f1,1
af86f7,1
1d0270,1
db5c28,1
401144,1
d4c248,1
47e357,1
196c27,1
e2d41e,1
28b6aa,1
56058e,1
fe2b1f,1
fdf928,1
784dfa,1
103b0d,1
fe9af9,1
a8c3d3,1
f65844,1
3246ab,1
758ae6,1
460ab0,1
9ce48f,1
c3a71e,1
998874,1
a0d291,1
69c17b,1
e9b705,1
96d3e6,1
2589a7,1
4441e8,1
913ddc,1
4d71cb,1
903f6d,1
b9fb40,1
29142a,1
d30da3,1
691961,1
5222c1,1
0d6245,1
3e344a,1
68f085,1
3f43bb,1
afc892,1
11336c,1
a59636,1
2eee0a,1
acf9e1,1
c5aa7e,1
0ad49e,1
4c4686,1
54e3fc,1
c5e626,1
e5005e,1
17f478,1
cfed2a,1
14d47e,1
d70ca6,1
b9893d,1
84926d,1
1a9615,1
f2f5e6,1
44782d,1
a4bf84,1
282c74,1
d42cbf,1
027708,1
2467c5,1
5f7a76,1
3952a3,1
846051,1
f41979,1
c69468,1
b875c9,1
fdf3eb,1
26eed3,1
56b7a1,1
37fc01,1
de20bc,1
b99bff,1
ae8f79,1
6486b2,1
10d052,1
02654d,1
b4c684,1
91140b,1
121809,1
da69d8,1
4eebef,1
0eef6e,1
aec141,1
4599ae,1
62fcd8,1
4b05a5,1
469f12,1
8dcf45,1
9ec0a3,1
ab1734,1
eb5999,1
25efe9,1
c8ee56,1
ea1951,1
53cc99,1
955ed0,1
cf8389,1
b999fa,1
9c6a16,1
c8f76e,1
3b5aa9,1
39941e,1
4c7a21,1
ff589d,1
5d4389,1
46d6e2,1
c18898,1
f44929,1
fa5ddd,1
f6b806,1
114775,1
57571a,1
8a04f5,1
97cb4b,1
ed4eac,1
256a9d,1
aee710,1
ea061b,1
8ba5e9,1
16003e,1
41989d,1
7078f4,1
ef96a9,1
2b0660,1
3946b3,1
486877,1
956d37,1
72b97b,1
cc431e,1
dd5b9c,1
127907,1
26618f,1
f17da0,1
c2d79d,1
22ce4a,1
3d2d15,1
6c66a7,1
527d85,1
fead49,1
5864c5,1
b896f6,1
5898e5,1
7557be,1
d941cf,1
07d516,1
f73c5b,1
8f923c,1
c50a90,1
af6655,1
a3a345,1
cb823f,1
681fab,1
9d4864,1
6caba3,1
1662e0,1
fc571b,1
71fe16,1
55d629,1
314165,1
f68868,1
a47626,1
764d44,1
37f1cf,1
174d79,1
f5fa8b,1
b25f17,1
74d107,1
1b4a97,1
906ccb,1
441ed7,1
33aae1,1
0897a6,1
0f9221,1
1c436c,1
2485b8,1
904c71,1
7e6c4c,1
c8eb94,1
1b90b6,1
a6a40c,1
1ab640,1
a1b998,1
8ca1c0,1
56a3a1,1
8cc030,1
942bf6,1
9e56df,1
c7cf34,1
6d1bc2,1
b2005a,1
a2e6a6,1
1fb00d,1
aa56bf,1
596ff5,1
84759c,1
b86ae8,1
67cbb2,1
d0c57e,1
44e573,1
41db3c,1
81ea75,1
1d85a1,1
ae9507,1
3c7f10,1
fa199f,1
d2255b,1
52c87e,1
5e9675,1
46aed4,1
b5ed25,1
4c0367,1
0f1edc,1
68717f,1
49cffd,1
cb02d5,1
a83b60,1
d98094,1
d5fe59,1
fb562c,1
1f7b1a,1
d39956,1
d5b0bf,1
250066,1
6f34dc,1
8f2571,1
b4a422,1
0a79af,1
f8008d,1
ec8480,1
7553c1,1
d0ab6c,1
cbb38d,1
9dd7e5,1
36d5d3,1
83e03a,1
2d6ad5,1
095827,1
406d2d,1
d66c01,1
959172,1
d6d310,1
ab386c,1
79bccc,1
10d868,1
1504d2,1
153e50,1
3c930c,1
defd8e,1
0f83ac,1
590096,1
6bda03,1
a2f005,1
5fbed0,1
011908,1
cc2c93,1
679486,1
10b3d5,1
68e31e,1
d753b7,1
f2a63e,1
d26028,1
d4a158,1
7ca64c,1
9bd73f,1
d73361,1
ce5d4d,1
f1a40d,1
1c56f1,1
8bd414,1
140609,1
38b61f,1
0405a2,1
770aaa,1
212c81,1
7fbe8f,1
84a3f2,1
1a733c,1
896ed4,1
ed2482,1
024fb4,1
e5d8e3,1
433ff4,1
5889a7,1
3e1130,1
e3b0ec,1
cce990,1
7fb93d,1
95d2f5,1
28b2d9,1
6a521a,1
8a0539,1
6db5cd,1
d8706f,1
6176f4,1
4db432,1
3b8a35,1
378a02,1
254c95,1
ecb707,1
68e80c,1
734302,1
39aea8,1
c59953,1
2b1c0c,1
4f54d1,1
fbd532,1
6f95bc,1
1f341c,1
1bab7d,1
f33778,1
1ba767,1
d60b50,1
889718,1
1691de,1
5d66c7,1
2751cc,1
b59ce9,1
e1e801,1
4b50b7,1
d48e43,1
fc8185,1
065568,1
c9af1e,1
447041,1
fbd2ab,1
672fc9,1
bc9c8f,1
bcfda6,1
3b17fc,1
e80e5f,1
b4b477,1
97bfce,1
4bb38c,1
f36ec8,1
39e4b3,1
633d2f,1
e20737,1
2620cc,1
6492b6,1
fbf364,1
b71b74,1
b890fd,1
44f1e2,1
bb0587,1
6306ed,1
4ebb2a,1
f1a8d2,1
26529d,1
a2ba57,1
63578b,1
2e361f,1
f34297,1
419673,1
6d2170,1
6665b2,1
591c7a,1
6259df,1
be4f15,1
9af9ff,1
d3dda9,1
8aca4a,1
98663f,1
303384,1
b535df,1
dbddf5,1
30174b,1
ce9208,1
388317,1
61fc74,1
5e769c,1
1a54bd,1
3b4c36,1
0acce3,1
97a727,1
59db46,1
8405f6,1
c58899,1
751513,1
369a00,1
791315,1
4803cb,1
c786af,1
eaa229,1
29db93,1
8468b6,1
f822ec,1
29a884,1
a6010c,1
13a03a,1
861c0e,1
102fa2,1
1b92b8,1
d82af0,1
ad7a70,1
2f3026,1
9fa217,1
b4b2b5,1
11b705,1
c1f072,1
f32dbb,1
c6c033,1
8800fb,1
e041b2,1
f1e68f,1
de36cb,1
1f63bd,1
3e796e,1
a3ef49,1
df21f5,1
063a4f,1
68c0b8,1
6b4ad4,1
9b1e3a,1
1193eb,1
3b606c,1
293721,1
6c2975,1
c1d251,1
88b686,1
113299,1
f73625,1
4c315e,1
a920ea,1
8d6949,1
eb4443,1
80d118,1
39d24b,1
d93f80,1
ba7e8e,1
32a336,1
bbf1b7,1
488a04,1
c7207b,1
7beef0,1
c2cb7c,1
11e1f0,1
8ca0a2,1
b2ed72,1
92820d,1
843604,1
228585,1
942996,1
f3fd4d,1
22e856,1
9462c6,1
4533c2,1
556b7e,1
41fe99,1
140e23,1
8f42e7,1
1fb194,1
32e402,1
f2c250,1
6042c7,1
5553a1,1
3887d7,1
98766b,1
8e0193,1
28eb7a,1
5ea12d,1
346bc7,1
e18c01,1
8760cd,1
89ee7f,1
7991aa,1
9f77dd,1
c68d06,1
d3f0a7,1
a84d88,1
1fe930,1
ddfbb7,1
d7ae0b,1
84ae71,1
cb85dd,1
4cde8c,1
27c871,1
5537ba,1
567854,1
f7f2a3,1
0f71c4,1
a957c4,1
5e0a1b,1
45af28,1
8571d0,1
237026,1
f81e20,1
933765,1
14966e,1
305ad6,1
c8f0d4,1
f6ec7e,1
770ec7,1
690c2a,1
4b2c01,1
e122f4,1
848676,1
128059,1
0b63ea,1
28a839,1
5fa33f,1
1a4d31,1
71eb8d,1
752dff,1
685150,1
8fc112,1
2ee211,1
170223,1
f40ebd,1
fef379,1
d0802a,1
838531,1
a3d4c2,1
530e6d,1
2d2204,1
6c5771,1
f15325,1
34e99e,1
79fab7,1
16457b,1
2ed474,1
17c011,1
c9e6e8,1
5c0dc4,1
3ba31d,1
1c19ac,1
bebc6b,1
cfcff8,1
9e9592,1
d91465,1
577ce7,1
ea4e4a,1
0c6972,1
c2cd5c,1
748497,1
0bafb0,1
0067af,1
771dcf,1
71a613,1
154254,1
19befa,1
8ff8a6,1
882da6,1
e23504,1
f63934,1
1cb275,1
2cfd59,1
c75899,1
149481,1
f749e8,1
c06018,1
a5e056,1
495912,1
7405f8,1
68735a,1
cd59e9,1
abab85,1
52f006,1
de9b4c,1
3c196e,1
d3b2a3,1
eaed5d,1
d66de3,1
2bbed8,1
f5a31f,1
ff91c0,1
352dae,1
30a017,1
5b2025,1
2a6090,1
222401,1
5bb9f7,1
a8458c,1
8e91b0,1
727546,1
3dfa62,1
7fe7a7,1
40c3bc,1
38a6f9,1
8ec717,1
07747a,1
ea8538,1
9266b8,1
847244,1
f42759,1
b90f25,1
b781bf,1
967e27,1
524146,1
986949,1
410f11,1
110268,1
4156a2,1
c94436,1
8faa6f,1
780ed7,1
4e8761,1
b7750e,1
4edf95,1
ba81d7,1
689ab8,1
b65d43,1
834051,1
963c0c,1
d5cf7f,1
ec4b4a,1
a628ad,1
473e39,1
d697b6,1
b93b21,1
cd9742,1
1f3e4b,1
c3507e,1
0947a9,1
bb7758,1
ddd886,1
e92a63,1
f73e39,1
faeac8,1
0bb716,1
6f9765,1
af45f6,1
f3e555,1
82bd0f,1
6fc043,1
a93b09,1
5b8ef3,1
254364,1
b3442a,1
2bc79f,1
5d21ee,1
5e68cf,1
2509af,1
5f84ea,1
d8bcd9,1
25df7c,1
c831f4,1
6dcbc2,1
cc8387,1
8b2765,1
966e24,1
98d8b4,1
16c37f,1
9447c4,1
2efe3a,1
a0a22d,1
31dee8,1
67075b,1
b92a5a,1
43bddb,1
50c8f4,1
5813b5,1
a182bc,1
c8fd7c,1
07e46b,1
7f5041,1
584198,1
7df6aa,1
8dffb5,1
7167bf,1
c222e0,1
58897b,1
e25254,1
f06f1b,1
e98b45,1
2d66c9,1
832fa9,1
f3ee05,1
91e413,1
26fcc0,1
c98245,1
5a29e1,1
c37d15,1
20bb68,1
ce69ba,1
ae453c,1
c0b449,1
541b00,1
16f1b6,1
a5b5ac,1
0b3db5,1
ed5347,1
4ea3fc,1
34f708,1
0c23e1,1
122dd0,1
296cb9,1
63ec0d,1
e5491e,1
bb3681,1
84cf12,1
6f9167,1
035059,1
69f756,1
3df833,1
2aebd6,1
596ff4,1
afc976,1
fe3934,1
282c31,1
78ec37,1
2403e4,1
829d8c,1
7ec731,1
b6a49f,1
4311b1,1
facb96,1
57508e,1
eca415,1
564ac2,1
a810f8,1
edc7f4,1
9fe007,1
93db21,1
ed827b,1
6cf69c,1
f16e2d,1
8d09c3,1
d7cfc9,1
d3b17b,1
29acf6,1
97514a,1
1dbca6,1
d76695,1
f10834,1
5bcb44,1
227bbe,1
8ece9c,1
a4e2ce,1
46c43a,1
ddeef2,1
d65007,1
8bc7e0,1
605e4d,1
6ccf3f,1
77ea9f,1
f230dc,1
5405e8,1
a36dbe,1
794f6d,1
e34fc9,1
99b30b,1
60cd71,1
10d0ab,1
61bc7c,1
007abc,1
af7ec8,1
36e472,1
e521b2,1
ccee04,1
fbf1bd,1
040342,1
f025c0,1
9b8280,1
80f1dc,1
f06ea5,1
497c11,1
b27d42,1
240a7a,1
31e696,1
fd44e3,1
ab266b,1
dc45ee,1
25fab3,1
864bd6,1
366bc7,1
ff438a,1
2b83f3,1
82c075,1
74d7c9,1
8cf1fe,1
c5dd9d,1
c623a6,1
b47d2f,1
59a864,1
97067c,1
ebcce7,1
10c611,1
3bf323,1
0228ab,1
045df6,1
441016,1
b21401,1
6f31db,1
006f70,1
bfc1d1,1
da9b4f,1
5e9f28,1
3f1cc6,1
83cef1,1
0d39ff,1
7ab00c,1
3bb107,1
23bbd0,1
441edb,1
3551b9,1
9c097f,1
49acdf,1
57a9b5,1
736563,1
3aeaf7,1
2c4b4e,1
fa6d74,1
97100a,1
3e3329,1
e21af9,1
96fc88,1
8fe2b9,1
71a81b,1
3446c0,1
55c73c,1
733d21,1
4e7437,1
c09fd7,1
38c630,1
6995c9,1
85deb6,1
02d051,1
107c11,1
ca9a6a,1
aa5b64,1
4bafa4,1
fcc73c,1
145e90,1
af2426,1
9e2e80,1
06823b,1
7076bf,1
af6fa7,1
02697c,1
85d6ba,1
905c4e,1
0276fa,1
810846,1
fbb7c2,1
428fed,1
e2e390,1
ea47c7,1
3f096f,1
7402d4,1
902c66,1
0e5ba5,1
818a5e,1
b9fb71,1
523c19,1
9f76da,1
57d642,1
e432cf,1
a04d81,1
40ebb4,1
2e9bed,1
cde7e2,1
ef1d4e,1
f91411,1
120611,1
c4cc96,1
527fba,1
770129,1
0a8f7d,1
807081,1
7982a3,1
ef5b69,1
17c162,1
1b5e92,1
77f699,1
2a74f8,1
82a7c0,1
6d9b6e,1
06890c,1
0deff0,1
805a85,1
1c1543,1
a867ee,1
967b1e,1
6416ae,1
0b3cfa,1
a2d25b,1
c959d7,1
536bac,1
8c5683,1
97f95c,1
106e12,1
6f2f49,1
7dd00a,1
d039e7,1
dc3cd5,1
9b9906,1
5812b1,1
ffc042,1
42d541,1
32dac8,1
1a0f4d,1
12097b,1
623875,1
b491d4,1
50cc10,1
fe9fd7,1
29ca97,1
8370ae,1
81f621,1
94f2ef,1
034b65,1
577c07,1
582d51,1
b89569,1
eebabe,1
feab4b,1
0eeaa5,1
8134b7,1
2fa219,1
75f721,1
5c2649,1
a9d10c,1
b1c339,1
21522e,1
8b7bf0,1
e959d8,1
bb0829,1
9b325e,1
79283f,1
39284f,1
5fa0b6,1
9d6b17,1
fbaf97,1
48f67a,1
491603,1
b5d898,1
e950f0,1
d9f2dc,1
eab53f,1
cfb455,1
dbded5,1
2cb234,1
175cb9,1
b529aa,1
3b5d90,1
2dde94,1
5cfa86,1
a6525b,1
3c4211,1
99d4cb,1
a05333,1
efee63,1
dc7f96,1
b71a31,1
b225fe,1
ffc677,1
8d28a2,1
f51a84,1
19810a,1
118ab4,1
5483a5,1
6d5b45,1
848dab,1
172f93,1
01e3ef,1
603021,1
a0df87,1
d07bc5,1
900a5a,1
6463c2,1
4804f1,1
bb1410,1
509d69,1
6e96ca,1
740990,1
564386,1
8e5300,1
926639,1
00cdb5,1
040d9b,1
b728da,1
2362dc,1
ede0a4,1
d71638,1
61077f,1
447833,1
bce9e7,1
111372,1
b911d4,1
0eb733,1
e860d7,1
5bece3,1
f5ee2e,1
44ea9a,1
c0c28d,1
ce4a48,1
98ed17,1
f88822,1
ad7e52,1
3d5e65,1
142aca,1
d97cd3,1
f9164d,1
45eff1,1
c134e7,1
5e2ac9,1
b67671,1
3823df,1
a69886,1
a3c00f,1
0e4fdc,1
283deb,1
ccc1f4,1
d16806,1
af2691,1
c83f62,1
141b18,1
821a9b,1
13603b,1
f6c7c7,1
467f4d,1
9abbe1,1
3c7a12,1
ea0fc6,1
f3f5bd,1
a45f2f,1
91efcb,1
c7b977,1
4eb647,1
58cec5,1
432a10,1
d42bee,1
8c2c48,1
8c582e,1
b5bcc7,1
d1784f,1
9ce4af,1
053616,1
93efe9,1
3de468,1
2ae326,1
294586,1
6fe9e2,1
feea08,1
0035c2,1
f29d60,1
11e87c,1
43f27e,1
ba121a,1
54a15b,1
735301,1
809542,1
fe0309,1
e2a2a3,1
2386d5,1
2fc554,1
0c09b2,1
2bf70b,1
46b668,1
73b8e7,1
141494,1
cab017,1
da8087,1
2160d4,1
362664,1
a2d3d9,1
9b8bac,1
31a593,1
c73041,1
883420,1
aabc60,1
85d389,1
a7e10e,1
e05e1c,1
46cd59,1
f4c934,1
7a3b50,1
ed4a35,1
0ec587,1
8b12ea,1
48c42f,1
0dbd03,1
51ca92,1
5ceaa3,1
d144d9,1
53ffea,1
d6c650,1
1c0bed,1
6f847a,1
b41e8b,1
0d72c8,1
fc5c83,1
0302bc,1
aeb081,1
7f0a50,1
94f2da,1
5b8a88,1
ceb41a,1
7d1035,1
592a0d,1
fb2641,1
9fb0c3,1
e7dc4a,1
f5d53c,1
3a8679,1
e20f9f,1
db770d,1
07ded3,1
bb75d0,1
469531,1
85dbcf,1
e9e45b,1
a22d15,1
9d5769,1
4e5eba,1
585ac4,1
f62630,1
0d54fe,1
cf7299,1
823822,1
04076d,1
28790d,1
e55238,1
8c5c74,1
c841e0,1
06a362,1
7ddc0a,1
6e4bd7,1
795044,1
9d596f,1
fea951,1
32b946,1
fc3b87,1
ff510c,1
ace87d,1
db4659,1
0001ff,1
b700e9,1
1067b7,1
cf4b9b,1
611a5b,1
850d4a,1
61894f,1
fa12c1,1
b38271,1
2924dd,1
8b7be8,1
be9ee6,1
125354,1
16b90f,1
b24d3f,1
d2a43d,1
e9c347,1
bb1d49,1
9fa004,1
187854,1
a1e5e7,1
48d35e,1
6bd0b8,1
a17317,1
afcdd8,1
f24966,1
03c6bf,1
541b6d,1
8ccc94,1
7e0ed2,1
efde4c,1
cd9205,1
bcbd3d,1
cacfed,1
7a6819,1
b5639d,1
2e2821,1
193eb3,1
725b2b,1
980516,1
336c96,1
259096,1
60c5e1,1
fbb9f0,1
e3afde,1
54b361,1
f8eb53,1
2078a2,1
fe70c8,1
dcbb42,1
721a1c,1
ad31c2,1
fc6766,1
c370da,1
5a0465,1
39d906,1
c79637,1
fdd58c,1
0731dc,1
ecc23d,1
e40f1e,1
302d84,1
f0d5fd,1
60171e,1
43ab43,1
771c00,1
d57f6d,1
e27d97,1
2725ef,1
6cd2b5,1
ea53cb,1
73afb1,1
7d9bd8,1
81b815,1
572295,1
0e5377,1
534c73,1
bcba5d,1
e8d865,1
f4b18e,1
a543c7,1
731dde,1
d6cfa0,1
1840bc,1
1faa2e,1
09b5bd,1
fdf939,1
cd69a7,1
defd1f,1
ee0b7a,1
ea473d,1
97a797,1
5a6b58,1
a26ee1,1
c222d4,1
c88a22,1
77ca4d,1
2cc366,1
5bd53d,1
7be481,1
06c2f4,1
9d9584,1
88be7a,1
8aa063,1
37e6b4,1
ca080f,1
a250f4,1
ea22c9,1
ebf3a0,1
d6874a,1
928d17,1
7a803e,1
aebdc4,1
80f1e1,1
721231,1
02b9d6,1
0c3569,1
019604,1
ea33fd,1
fc3681,1
6010a7,1
cdb472,1
747f32,1
43d4ba,1
068de2,1
1b1bd7,1
5fa449,1
11e439,1
f05135,1
44be12,1
295d51,1
d07a65,1
7941f6,1
9f1b39,1
540772,1
51ffdd,1
7c47e5,1
360fda,1
aee4fa,1
f7b49f,1
7f9e9e,1
094c91,1
6a94b1,1
0e0480,1
7fed58,1
fce565,1
a58bb9,1
a5eca3,1
18523f,1
09bc29,1
36143e,1
ffe076,1
833c59,1
3abf46,1
44b35b,1
cd2286,1
414a62,1
ff445c,1
8a03f7,1
4e56fe,1
98708f,1
e1c070,1
61387e,1
e1e65b,1
02fb4b,1
3436ec,1
c43a9c,1
654801,1
0d2695,1
8a2c96,1
8ae4ea,1
955dbc,1
a1a734,1
dec2d9,1
39d7e8,1
eed80e,1
c2d4bf,1
ae8bb7,1
fdcde4,1
5256ad,1
9897bb,1
031881,1
f0dcbc,1
16c1e2,1
f120bd,1
f99dac,1
2dfb60,1
7e53db,1
e176f6,1
3d32da,1
7965e4,1
8e982b,1
ce4c5b,1
558e51,1
e272ad,1
cbf359,1
71bc60,1
3e813e,1
d80e3c,1
05d885,1
987201,1
5bd2ea,1
309d39,1
aea26e,1
553679,1
7da15f,1
67c06e,1
a6b3ee,1
2097eb,1
cd0c11,1
b88116,1
08afde,1
42d46a,1
070cdd,1
66ebd2,1
740989,1
d7074a,1
68f5b1,1
fb754c,1
e7f7ca,1
fdb2c7,1
9b3a7a,1
c757c7,1
c92543,1
c6bc6a,1
e546ed,1
6e7bcc,1
9f57e2,1
d646c4,1
29d78f,1
7b77c2,1
6f57fd,1
3e930f,1
8ad29c,1
7f23da,1
bce154,1
bc1028,1
d25d32,1
2d08f6,1
c76772,1
6d7af2,1
8456c1,1
32c7d3,1
b6bdfc,1
03c05e,1
df6a3e,1
c24c52,1
de517c,1
256526,1
acc71a,1
d0d747,1
ac66e6,1
d2b0d7,1
b8268f,1
4c5194,1
d20b30,1
4b19d6,1
0aafc1,1
9128ea,1
d493a0,1
d31b28,1
3723f2,1
92362c,1
3b8b75,1
c933a4,1
670e27,1
333fe3,1
1aaca7,1
650e44,1
85d83b,1
24d95e,1
b8f7ce,1
302865,1
0ff960,1
cf9a6b,1
10f09b,1
359c01,1
1a8ce1,1
616473,1
e11243,1
a282f7,1
61284f,1
dc3fa4,1
fe6fc9,1
e77d4e,1
b8ffe6,1
0e2972,1
32712b,1
fc9718,1
52d4e0,1
26c58e,1
88e161,1
4375a1,1
0f3a5b,1
a64ed2,1
9218bf,1
b6f47e,1
fb00b9,1
ed0ec7,1
5da025,1
7bcb2a,1
6ea508,1
065742,1
0e61c4,1
3ebfe7,1
12aac9,1
a2d517,1
8c6991,1
110576,1
2614e3,1
4c90f2,1
09c091,1
623b88,1
8963be,1
8d1959,1
84863f,1
37c9f4,1
3c8af9,1
245127,1
e3c180,1
500083,1
501a6a,1
a29a99,1
084f08,1
9a7abb,1
86a94d,1
79dc5c,1
94d8f7,1
478291,1
867a04,1
db46f0,1
fd39b3,1
025902,1
ec1207,1
91748f,1
fc8645,1
414144,1
193802,1
a58351,1
7f27b3,1
d87e6b,1
13d443,1
4e4455,1
c1dc7c,1
9c7fbd,1
962397,1
3ba922,1
09c754,1
cb6ce4,1
017196,1
2c3a70,1
12d96e,1
ff5447,1
09d090,1
2eb0e8,1
3d2c98,1
65bfe3,1
2a3d09,1
f0872c,1
c64b8e,1
9551c5,1
1c056a,1
0baac2,1
ef4c3e,1
aa56eb,1
f1340c,1
7adc90,1
b6980b,1
774dcc,1
49ccaf,1
53f015,1
2e0e86,1
f93c6e,1
1fbb18,1
a9e3b3,1
8e2e8c,1
e5d5b7,1
7110c2,1
9b1730,1
444ee0,1
9ce56d,1
d8363c,1
54ca87,1
10fb79,1
1262a8,1
6d362a,1
753b3a,1
c99b54,1
767d64,1
2d873c,1
8bc88a,1
f61f89,1
9ba14d,1
4a0221,1
1f0338,1
f798f4,1
1d2bcd,1
a6ef4b,1
f93ab0,1
34bec7,1
f0467b,1
196c28,1
58fe6c,1
d1ccb1,1
0c3475,1
9e5fdb,1
42ff4b,1
3f26c0,1
07b820,1
af1afc,1
c8ec4a,1
f4d1fb,1
080375,1
45181c,1
a25877,1
ded280,1
c0154e,1
724771,1
bc19a5,1
e95da0,1
9be4a1,1
715a30,1
c747e7,1
95b355,1
3528cc,1
0c29c1,1
5a77a1,1
8cfa01,1
437397,1
7865c6,1
86bf8e,1
c5e9bd,1
c7549d,1
69a793,1
4d55e4,1
6a749a,1
59618d,1
9f22b7,1
c982da,1
e36af8,1
4e6fb7,1
cb8e56,1
37adc1,1
131ed0,1
80c1d6,1
480400,1
8902ce,1
5a06a9,1
966063,1
9644d3,1
792772,1
fd9096,1
812477,1
ff1571,1
f9972e,1
722861,1
0d212e,1
c31425,1
7a058b,1
ecf862,1
5e4be5,1
9bb378,1
0f656c,1
033ac9,1
70954f,1
4afe99,1
d1e6ab,1
4e481a,1
6dce50,1
158e31,1
bece76,1
e9a834,1
7c3cae,1
4d5c45,1
9ae4a7,1
729b56,1
2b5167,1
865112,1
338939,1
fb13ab,1
79b88b,1
4ed661,1
a96968,1
914a33,1
1be6a1,1
e388c8,1
d745f1,1
741928,1
d356d5,1
57eb73,1
d92d9a,1
e8dd15,1
2100e9,1
fc8b49,1
2d6bc4,1
dc394b,1
85e6c8,1
0c2369,1
c36c5e,1
7cf7df,1
c457be,1
49086b,1
998e2f,1
d83886,1
934754,1
fdd829,1
348d8c,1
6a4174,1
9dc5d2,1
b69475,1
43ba8f,1
a49c9c,1
3493fb,1
8b7331,1
2dc13c,1
3dbe10,1
098660,1
f001b5,1
67e36d,1
3dad46,1
23889d,1
c08cf9,1
ac16f4,1
8037f4,1
71b263,1
b41e16,1
5365cd,1
4730d8,1
732cd1,1
74b731,1
b6dce5,1
c12d34,1
2c09c2,1
837ce6,1
0ff9ac,1
47b825,1
346010,1
4bfb76,1
495044,1
dd31af,1
d3a28b,1
fd0e25,1
15fbd4,1
2c5d6b,1
3f14b0,1
7b4bba,1
923ad6,1
6e59e9,1
bb8df6,1
795c7b,1
